{
  "accuracy": 0.8181818181818182,
  "roc_auc": 0.9104166666666667,
  "confusion_matrix": [
    [
      17,
      3
    ],
    [
      5,
      19
    ]
  ],
  "classification_report": {
    "0": {
      "precision": 0.7727272727272727,
      "recall": 0.85,
      "f1-score": 0.8095238095238095,
      "support": 20.0
    },
    "1": {
      "precision": 0.8636363636363636,
      "recall": 0.7916666666666666,
      "f1-score": 0.8260869565217391,
      "support": 24.0
    },
    "accuracy": 0.8181818181818182,
    "macro avg": {
      "precision": 0.8181818181818181,
      "recall": 0.8208333333333333,
      "f1-score": 0.8178053830227743,
      "support": 44.0
    },
    "weighted avg": {
      "precision": 0.8223140495867768,
      "recall": 0.8181818181818182,
      "f1-score": 0.818558253340862,
      "support": 44.0
    }
  }
}