{
  "accuracy": 0.4234875444839858,
  "roc_auc": 0.3497566909975669,
  "confusion_matrix": [
    [
      21,
      116
    ],
    [
      46,
      98
    ]
  ],
  "classification_report": {
    "0": {
      "precision": 0.31343283582089554,
      "recall": 0.15328467153284672,
      "f1-score": 0.20588235294117646,
      "support": 137.0
    },
    "1": {
      "precision": 0.45794392523364486,
      "recall": 0.6805555555555556,
      "f1-score": 0.547486033519553,
      "support": 144.0
    },
    "accuracy": 0.4234875444839858,
    "macro avg": {
      "precision": 0.38568838052727017,
      "recall": 0.41692011354420117,
      "f1-score": 0.37668419323036473,
      "support": 281.0
    },
    "weighted avg": {
      "precision": 0.3874883407156852,
      "recall": 0.4234875444839858,
      "f1-score": 0.38093904334433026,
      "support": 281.0
    }
  }
}