{
  "accuracy": 0.8636363636363636,
  "roc_auc": 0.9145833333333334,
  "confusion_matrix": [
    [
      18,
      2
    ],
    [
      4,
      20
    ]
  ],
  "classification_report": {
    "0": {
      "precision": 0.8181818181818182,
      "recall": 0.9,
      "f1-score": 0.8571428571428571,
      "support": 20.0
    },
    "1": {
      "precision": 0.9090909090909091,
      "recall": 0.8333333333333334,
      "f1-score": 0.8695652173913043,
      "support": 24.0
    },
    "accuracy": 0.8636363636363636,
    "macro avg": {
      "precision": 0.8636363636363636,
      "recall": 0.8666666666666667,
      "f1-score": 0.8633540372670807,
      "support": 44.0
    },
    "weighted avg": {
      "precision": 0.8677685950413223,
      "recall": 0.8636363636363636,
      "f1-score": 0.8639186900056466,
      "support": 44.0
    }
  }
}