{
  "accuracy": 0.8863636363636364,
  "roc_auc": 0.9541666666666667,
  "confusion_matrix": [
    [
      35,
      5
    ],
    [
      5,
      43
    ]
  ],
  "classification_report": {
    "0": {
      "precision": 0.875,
      "recall": 0.875,
      "f1-score": 0.875,
      "support": 40.0
    },
    "1": {
      "precision": 0.8958333333333334,
      "recall": 0.8958333333333334,
      "f1-score": 0.8958333333333334,
      "support": 48.0
    },
    "accuracy": 0.8863636363636364,
    "macro avg": {
      "precision": 0.8854166666666667,
      "recall": 0.8854166666666667,
      "f1-score": 0.8854166666666667,
      "support": 88.0
    },
    "weighted avg": {
      "precision": 0.8863636363636364,
      "recall": 0.8863636363636364,
      "f1-score": 0.8863636363636364,
      "support": 88.0
    }
  }
}